{
    "resources": [
        {
            "name": "i18n/i18n.properties",
            "raw": "i18n/i18n.properties"
        },
        {
            "name": "Component.js"
        },
        {
            "name": "manifest.json"
        },
        {
            "name": "manifest-bundle.zip"
        },
        {
            "name": "Component-preload.js",
            "merged": true
        },
        {
            "name": "Component-dbg.js",
            "isDebug": true
        },
        {
            "name": "../../../../../sap-ui-version.json"
        },
        {
            "name": "index.html"
        }
    ]
}